project_name,maturity,tag,accepted_date,sandbox_date,incubating_date,graduated_date,archived_date,num_security_audits,last_security_audit_date
aeraki mesh,sandbox,,2022-06-17,2022-06-17,,,,0,
agones,sandbox,,2025-12-21,2025-12-21,,,,0,
akri,sandbox,,2021-09-14,2021-09-14,,,,0,
antrea,sandbox,,2021-04-28,2021-04-28,,,,0,
argo,graduated,,2020-03-26,,2020-03-26,2022-12-06,,2,2022-07-18
armada,sandbox,,2022-07-25,2022-07-25,,,,0,
artifact hub,incubating,,2020-06-25,2020-06-25,2024-05-30,,,0,
athenz,sandbox,,2021-01-26,2021-01-26,,,,0,
atlantis,sandbox,,2024-06-18,2024-06-18,,,,0,
backstage,incubating,,2020-09-08,2020-09-08,2022-03-15,,,1,2022-08-23
bank-vaults,sandbox,,2024-06-18,2024-06-18,,,,0,
bfe,sandbox,,2020-06-25,2020-06-25,,,,0,
bootc,sandbox,,2025-01-21,2025-01-21,,,,0,
bpfman,sandbox,,2024-06-19,2024-06-19,,,,0,
brigade,archived,,2019-03-18,2019-03-18,,,2022-10-19,0,
buildpacks,incubating,,2018-10-03,2018-10-03,2020-11-18,,,0,
cadence workflow,sandbox,,2025-05-22,2025-05-22,,,,0,
capsule,sandbox,,2022-12-13,2022-12-13,,,,0,
carina,sandbox,,2022-12-14,2022-12-14,,,,0,
cartography,sandbox,,2024-08-23,2024-08-23,,,,0,
carvel,sandbox,,2022-09-14,2022-09-14,,,,0,
cdk for kubernetes (cdk8s),sandbox,,2020-11-10,2020-11-10,,,,0,
cedar,sandbox,,2025-10-08,2025-10-08,,,,0,
cert-manager,graduated,,2020-11-10,2020-11-10,2022-09-19,2024-09-29,,0,
chaos mesh,incubating,,2020-07-14,2020-07-14,2022-02-16,,,0,
chaosblade,sandbox,,2021-04-28,2021-04-28,,,,0,
cilium,graduated,,2021-10-13,,2021-10-13,2023-10-11,,2,2023-02-13
cloud custodian,incubating,,2020-06-25,2020-06-25,2022-09-14,,,1,2024-04-19
cloudevents,graduated,,2018-05-15,2018-05-15,2019-10-24,2024-01-25,,1,2022-11-28
cloudnativepg,sandbox,,2025-01-21,2025-01-21,,,,0,
clusternet,sandbox,,2023-03-07,2023-03-07,,,,0,
clusterpedia,sandbox,,2022-06-17,2022-06-17,,,,0,
cni-genie,archived,,2020-06-25,2020-06-25,,,2025-05-22,0,
cohdi,sandbox,,2025-12-19,2025-12-19,,,,0,
composefs,sandbox,,2025-01-21,2025-01-21,,,,0,
confidential containers,sandbox,,2022-03-08,2022-03-08,,,,0,
connect rpc,sandbox,,2024-04-13,2024-04-13,,,,0,
container network interface (cni),incubating,,2017-05-23,,2017-05-23,,,0,
container2wasm,sandbox,,2025-01-21,2025-01-21,,,,0,
containerd,graduated,,2017-03-29,,2017-03-29,2019-02-28,,1,2023-03-02
containerssh,sandbox,,2022-09-14,2022-09-14,,,,0,
contour,incubating,,2020-07-07,,2020-07-07,,,1,2021-12-01
copa,sandbox,,2023-09-19,2023-09-19,,,,0,
coredns,graduated,,2017-02-27,2017-02-27,2018-02-26,2019-01-24,,1,2018-02-03
cortex,incubating,,2018-09-20,2018-09-20,2020-08-20,,,0,
cozystack,sandbox,,2025-03-04,2025-03-04,,,,0,
cozystack,sandbox,,2025-03-04,2025-03-04,,,,0,
cri-o,graduated,,2019-04-08,,2019-04-08,2023-07-19,,1,2022-06-06
crossplane,graduated,,2020-06-25,2020-06-25,2021-09-14,2025-10-28,,2,2023-07-27
cubefs,graduated,,2019-12-16,2019-12-16,2022-07-03,2024-12-11,,0,
curiefense,archived,,2021-01-26,2021-01-26,,,2024-06-28,0,
curve,archived,,2022-06-17,2022-06-17,,,2024-10-26,0,
dalec,sandbox,,2025-10-08,2025-10-08,,,,0,
dapr,graduated,,2021-11-09,,2021-11-09,2024-10-30,,2,2023-09-05
devfile,sandbox,,2022-01-11,2022-01-11,,,,0,
devspace,sandbox,,2022-12-13,2022-12-13,,,,0,
devstream,archived,,2022-06-17,2022-06-17,,,2025-05-22,0,
dex,sandbox,,2020-06-25,2020-06-25,,,,0,
distribution,sandbox,,2021-01-26,2021-01-26,,,,0,
dragonfly,graduated,,2018-11-13,2018-11-13,2020-04-09,2025-10-28,,0,
drasi,sandbox,,2025-01-21,2025-01-21,,,,0,
easegress,sandbox,,2023-12-19,2023-12-19,,,,0,
emissary-ingress,incubating,,2021-04-13,,2021-04-13,,,0,
envoy,graduated,,2017-09-13,,2017-09-13,2018-11-28,,2,2021-05-15
eraser,sandbox,,2023-06-30,2023-06-30,,,,0,
etcd,graduated,,2018-12-11,,2018-12-11,2020-11-24,,2,2022-03-11
external-secrets,sandbox,,2022-07-26,2022-07-26,,,,0,
fabedge,archived,,2022-03-08,2022-03-08,,,2024-11-05,0,
falco,graduated,,2018-10-10,2018-10-10,2020-01-08,2024-02-29,,2,2023-03-22
flatcar container linux,incubating,,2024-08-02,,2024-08-02,,,0,
fluentd,graduated,,2016-11-08,,2016-11-08,2019-04-11,,2,2020-12-15
fluid,incubating,,2021-04-28,2021-04-28,2026-01-08,,,0,
flux,graduated,,2019-07-15,2019-07-15,2021-03-12,2022-11-30,,1,2021-11-10
fonio,archived,,2021-03-30,2021-03-30,,,2024-01-31,0,
grpc,incubating,,2017-02-16,,2017-02-16,,,1,2019-10-29
hami,sandbox,,2024-08-21,2024-08-21,,,,0,
harbor,graduated,,2018-07-31,2018-07-31,2018-11-14,2020-06-15,,1,2019-10-01
headlamp,sandbox,,2023-05-17,2023-05-17,,,,0,
helm,graduated,,2018-06-01,,2018-06-01,2020-05-01,,2,2023-03-31
hexa,sandbox,,2022-07-26,2022-07-26,,,,0,
higress,sandbox,,2026-03-15,2026-03-15,,,,0,
holmesgpt,sandbox,,2025-10-08,2025-10-08,,,,0,
hwameistor,sandbox,,2023-06-22,2023-06-22,,,,0,
hyperlight,sandbox,,2025-03-04,2025-03-04,,,,0,
in-toto,graduated,,2019-08-14,2019-08-14,2022-03-10,2025-02-10,,0,
inclavare containers,sandbox,,2021-09-14,2021-09-14,,,,0,
inspektor gadget,sandbox,,2023-03-07,2023-03-07,,,,0,
interlink,sandbox,,2025-03-04,2025-03-04,,,,0,
istio,graduated,,2022-09-30,,2022-09-30,2023-07-12,,1,2023-01-30
jaeger,graduated,,2017-09-13,,2017-09-13,2019-10-31,,1,2019-05-04
k0s,sandbox,,2025-01-19,2025-01-19,,,,0,
k3s,sandbox,,2020-08-19,2020-08-19,,,,0,
k8gb,sandbox,,2021-03-30,2021-03-30,,,,0,
k8sgpt,sandbox,,2023-12-19,2023-12-19,,,,0,
k8up,sandbox,,2021-11-16,2021-11-16,,,,0,
kagent,sandbox,,2025-05-22,2025-05-22,,,,0,
kai scheduler,sandbox,,2025-12-21,2025-12-21,,,,0,
kairos,sandbox,,2024-04-13,2024-04-13,,,,0,
kaito,sandbox,,2024-10-17,2024-10-17,,,,0,
kanister,sandbox,,2023-09-20,2023-09-20,,,,0,
karmada,incubating,,2021-09-14,2021-09-14,2023-12-12,,,0,
kcl,sandbox,,2023-09-20,2023-09-20,,,,0,
kcp,sandbox,,2023-09-19,2023-09-19,,,,0,
keda,graduated,,2020-03-12,2020-03-12,2021-08-18,2023-08-22,,1,2023-02-02
kepler,sandbox,,2023-05-17,2023-05-17,,,,0,
keptn,archived,,2020-06-25,2020-06-25,2022-07-13,,2025-09-03,0,
keycloak,incubating,,2023-04-10,,2023-04-10,,,0,
keylime,sandbox,,2020-09-22,2020-09-22,,,,0,
kgateway,sandbox,,2025-03-04,2025-03-04,,,,0,
kitops,sandbox,,2025-03-04,2025-03-04,,,,0,
kmesh,sandbox,,2024-10-17,2024-10-17,,,,0,
knative,graduated,,2022-03-02,,2022-03-02,2025-09-11,,2,2023-11-27
ko,sandbox,,2022-12-14,2022-12-14,,,,0,
konveyor,sandbox,,2022-07-26,2022-07-26,,,,0,
koordinator,sandbox,,2024-04-16,2024-04-16,,,,0,
kpt,sandbox,,2023-06-30,2023-06-30,,,,0,
krator,archived,,2021-07-13,2021-07-13,,,2024-01-31,0,
krkn,sandbox,,2023-12-19,2023-12-19,,,,0,
krustlet,archived,,2021-07-13,2021-07-13,,,2024-09-30,0,
kserve,incubating,,2025-09-29,,2025-09-29,,,0,
kuadrant,sandbox,,2024-06-19,2024-06-19,,,,0,
kuasar,sandbox,,2023-12-19,2023-12-19,,,,0,
kube-burner,sandbox,,2023-12-18,2023-12-18,,,,0,
kube-ovn,sandbox,,2021-01-26,2021-01-26,,,,0,
kube-rs,sandbox,,2021-11-16,2021-11-16,,,,0,
kube-vip,sandbox,,2021-06-26,2021-06-26,,,,0,
kubean,sandbox,,2024-04-16,2024-04-16,,,,0,
kubearmor,sandbox,,2021-11-16,2021-11-16,,,,0,
kubeclipper,sandbox,,2023-06-30,2023-06-30,,,,0,
kubedl,archived,,2021-06-22,2021-06-22,,,2025-03-25,0,
kubeedge,graduated,,2019-03-18,2019-03-18,2020-09-16,2024-09-11,,1,2022-07-11
kubeelasti,sandbox,,2026-01-03,2026-01-03,,,,0,
kubefleet,sandbox,,2025-01-21,2025-01-21,,,,0,
kubeflow,incubating,,2023-07-25,,2023-07-25,,,0,
kuberhealthy,sandbox,,2021-03-30,2021-03-30,,,,0,
kubernetes,graduated,,2016-03-10,,2016-03-10,2018-03-06,,2,2023-04-19
kubescape,incubating,,2022-12-13,2022-12-13,2025-01-13,,,0,
kubeslice,sandbox,,2024-04-16,2024-04-16,,,,0,
kubestellar,sandbox,,2023-12-19,2023-12-19,,,,0,
kubevela,incubating,,2021-06-22,2021-06-22,2023-02-27,,,0,
kubevirt,incubating,,2019-09-06,2019-09-06,2022-04-19,,,0,
kubewarden,sandbox,,2022-06-17,2022-06-17,,,,0,
kudo,sandbox,,2020-06-25,2020-06-25,,,,0,
kuma,sandbox,,2020-06-25,2020-06-25,,,,0,
kured,sandbox,,2022-09-14,2022-09-14,,,,0,
kusionstack,sandbox,,2024-09-12,2024-09-12,,,,0,
kyverno,graduated,,2020-11-10,2020-11-10,2022-07-13,2026-03-16,,2,2023-11-28
lima,incubating,,2022-09-14,2022-09-14,2025-10-14,,,0,
linkerd,graduated,,2017-01-23,2017-01-23,2018-04-06,2021-07-28,,3,2022-06-28
litmus,incubating,,2020-06-25,2020-06-25,2022-01-11,,,0,
logging operator (kube logging),sandbox,,2023-09-19,2023-09-19,,,,0,
longhorn,incubating,,2019-10-11,2019-10-11,2021-11-04,,,0,
loxilb,sandbox,,2024-08-30,2024-08-30,,,,0,
merbridge,archived,,2022-12-14,2022-12-14,,,2025-05-20,0,
meshery,sandbox,,2021-06-22,2021-06-22,,,,0,
metal3-io,incubating,,2020-09-08,2020-09-08,2025-08-14,,,0,
metallb,sandbox,,2021-09-14,2021-09-14,,,,0,
microcks,sandbox,,2023-06-22,2023-06-22,,,,0,
modelpack,sandbox,,2025-05-13,2025-05-13,,,,0,
nats,incubating,,2018-03-15,,2018-03-15,,,1,2019-02-06
network service mesh,sandbox,,2019-04-11,2019-04-11,,,,0,
nmstate,sandbox,,2026-03-12,2026-03-12,,,,0,
nocalhost,archived,,2021-11-16,2021-11-16,,,2025-03-25,0,
notary project,incubating,,2017-10-24,,2017-10-24,,,2,2023-07-06
oauth2 proxy,sandbox,,2025-10-02,2025-10-02,,,,0,
open cluster management,sandbox,,2021-11-09,2021-11-09,,,,0,
open policy agent (opa),graduated,,2018-03-29,2018-03-29,2019-04-02,2021-01-29,,1,2018-08-30
open policy containers,sandbox,,2022-12-13,2022-12-13,,,,0,
open service mesh,archived,,2020-09-08,2020-09-08,,,2023-06-30,0,
openchoreo,sandbox,,2026-01-06,2026-01-06,,,,0,
opencost,incubating,,2022-06-17,2022-06-17,2024-10-25,,,0,
openebs,sandbox,,2024-10-10,2024-10-10,,,,0,
openelb,archived,,2021-11-09,2021-11-09,,,2025-05-22,0,
openeverest,sandbox,,2026-03-15,2026-03-15,,,,0,
openfeature,incubating,,2022-06-17,2022-06-17,2023-11-21,,,0,
openfga,incubating,,2022-09-14,2022-09-14,2025-10-28,,,0,
openfunction,sandbox,,2022-04-26,2022-04-26,,,,0,
opengemini,sandbox,,2024-07-09,2024-07-09,,,,0,
opengitops,sandbox,,2021-01-26,2021-01-26,,,,0,
openkruise,incubating,,2020-11-10,2020-11-10,2023-03-02,,,0,
openmetrics,archived,,2018-08-10,2018-08-10,2022-02-03,,2024-07-02,0,
opentelemetry,incubating,,2019-05-07,2019-05-07,2021-08-26,,,0,
opentofu,sandbox,,2025-04-23,2025-04-23,,,,0,
opentracing,archived,,2016-10-11,,2016-10-11,,2021-08-20,0,
openyurt,incubating,,2020-09-08,2020-09-08,2025-01-10,,,0,
operator framework,incubating,,2020-07-09,,2020-07-09,,,0,
oras,sandbox,,2021-07-13,2021-07-13,,,,0,
oscal-compass,sandbox,,2024-06-21,2024-06-21,,,,0,
ovn-kubernetes,sandbox,,2024-10-17,2024-10-17,,,,0,
oxia,sandbox,,2025-10-06,2025-10-06,,,,0,
paralus,sandbox,,2022-12-14,2022-12-14,,,,0,
parsec,sandbox,,2020-06-25,2020-06-25,,,,0,
perses,sandbox,,2024-08-29,2024-08-29,,,,0,
pipecd,sandbox,,2023-05-17,2023-05-17,,,,0,
piraeus datastore,sandbox,,2021-01-26,2021-01-26,,,,0,
pixie,sandbox,,2021-06-22,2021-06-22,,,,0,
podman container tools,sandbox,,2025-01-21,2025-01-21,,,,0,
podman desktop,sandbox,,2025-01-21,2025-01-21,,,,0,
porter,sandbox,,2020-09-08,2020-09-08,,,,0,
pravega,archived,,2020-11-10,2020-11-10,,,2025-09-23,0,
prometheus,graduated,,2016-05-09,,2016-05-09,2018-08-09,,2,2020-07-21
radius,sandbox,,2024-04-16,2024-04-16,,,,0,
ratify,sandbox,,2024-08-30,2024-08-30,,,,0,
rkt,archived,,2017-03-29,2017-03-29,,,2019-08-16,0,
rook,graduated,,2018-01-29,2018-01-29,2018-09-25,2020-10-07,,1,2019-12-01
runme notebooks,sandbox,,2025-01-21,2025-01-21,,,,0,
schemahero,sandbox,,2020-11-10,2020-11-10,,,,0,
score,sandbox,,2024-07-08,2024-07-08,,,,0,
sealer,archived,,2022-04-26,2022-04-26,,,2025-05-20,0,
sermant,sandbox,,2024-10-09,2024-10-09,,,,0,
serverless devs,sandbox,,2022-09-14,2022-09-14,,,,0,
serverless workflow,sandbox,,2020-07-14,2020-07-14,,,,0,
service mesh interface (smi),archived,,2020-03-19,2020-03-19,,,2023-09-25,0,
service mesh performance,archived,,2021-06-22,2021-06-22,,,2025-09-16,0,
shipwright,sandbox,,2024-08-19,2024-08-19,,,,0,
skooner,archived,,2021-01-26,2021-01-26,,,2024-10-24,0,
slimfaas,sandbox,,2025-01-21,2025-01-21,,,,0,
slimtoolkit,sandbox,,2023-05-17,2023-05-17,,,,0,
sops,sandbox,,2023-05-17,2023-05-17,,,,0,
spiderpool,sandbox,,2023-12-19,2023-12-19,,,,0,
spiffe,graduated,,2018-03-29,2018-03-29,2020-06-22,2022-08-23,,0,
spin,sandbox,,2025-01-21,2025-01-21,,,,0,
spinkube,sandbox,,2025-01-21,2025-01-21,,,,0,
spire,graduated,,2018-03-29,2018-03-29,2020-06-22,2022-08-22,,0,
stacker,sandbox,,2024-06-19,2024-06-19,,,,0,
strimzi,incubating,,2019-08-28,2019-08-28,2024-02-08,,,0,
submariner,sandbox,,2021-04-28,2021-04-28,,,,0,
superedge,archived,,2021-09-14,2021-09-14,,,2025-03-25,0,
telepresence,sandbox,,2018-05-15,2018-05-15,,,,0,
teller,archived,,2022-04-26,2022-04-26,,,2025-05-20,0,
thanos,incubating,,2019-07-14,2019-07-14,2020-08-19,,,0,
the update framework (tuf),graduated,,2017-10-24,,2017-10-24,2019-12-18,,1,2018-08-07
tikv,graduated,,2018-08-28,,2018-08-28,2020-09-02,,1,2020-03-05
tinkerbell,sandbox,,2020-11-10,2020-11-10,,,,0,
tokenetes,sandbox,,2025-01-21,2025-01-21,,,,0,
tremor,sandbox,,2020-09-08,2020-09-08,,,,0,
trickster,sandbox,,2021-03-30,2021-03-30,,,,0,
urunc,sandbox,,2025-05-22,2025-05-22,,,,0,
vineyard,sandbox,,2021-04-28,2021-04-28,,,,0,
virtual kubelet,sandbox,,2018-12-04,2018-12-04,,,,0,
visual studio code kubernetes tools,sandbox,,2021-11-09,2021-11-09,,,,0,
vitess,graduated,,2018-02-05,,2018-02-05,2019-11-05,,3,2023-06-05
volcano,incubating,,2020-04-09,2020-04-09,2022-03-21,,,0,
wasmcloud,incubating,,2021-07-13,2021-07-13,2024-11-08,,,0,
wasmedge runtime,sandbox,,2021-04-28,2021-04-28,,,,0,
werf,sandbox,,2022-12-13,2022-12-13,,,,0,
xline,archived,,2023-06-30,2023-06-30,,,2025-09-19,0,
xregistry,sandbox,,2025-06-05,2025-06-05,,,,0,
youki,sandbox,,2024-10-17,2024-10-17,,,,0,
zot,sandbox,,2022-12-13,2022-12-13,,,,0,
